<?xml version="1.0" encoding="UTF-8"?>
<metadata xsi:noNamespaceSchemaLocation="http://water.usgs.gov/GIS/metadata/usgswrd/fgdc-std-001-1998.xsd" xmlns:xsi="http://www.w3.org/2001/XMLSchema-instance"><idinfo><citation><citeinfo><origin>Jennifer L. Krstolic</origin><origin>Sarah K. Martucci</origin><origin>Katharine J. Hopkins</origin><origin>Jeff P. Raffensperger</origin><pubdate>2005</pubdate><title>gis.GISOWNER.P5_RiverSEGS_July10_08</title><geoform>vector digital data</geoform><serinfo><sername>SIR</sername><issue>2005-5073</issue></serinfo><pubinfo><pubplace>Baltimore, MD</pubplace><publish>US Geological Survey</publish></pubinfo><othercit>
Spatial data associated with the Scientific Investigations Report, 'Development of Land Segmentation, Stream-Reach Network, and Watersheds in Support of Hydrological Simulation Program-Fortran (HSPF) Modeling, Chesapeake Bay Watershed, and Adjacent Parts of Maryland, Delaware, and Virginia'

By Sarah K. Martucci, Jennifer L. Krstolic, and Jeff P. Raffensperger (U.S. Geological Survey), and Katharine J. Hopkins (University of Maryland Center for Environmental Science)
</othercit><onlink/></citeinfo></citation><descript><abstract>This data set is an ArcGIS shapefile depicting land segments in the Chesapeake Bay Watershed and adjacent states of New York, Pennsylvania, Maryland, West Virginia, Delaware, Virginia, North Carolina, and Tennessee.  Land segmentation was based on county boundaries represented by a 1:100,000-scale digital dataset. Fifty of the 254 counties and incorporated cities in the model region were divided on the basis of physiography and topography, producing a total of 310 land segments. The data are projected to the UTM grid coordinate system - Zone 18 NAD27.   </abstract><purpose>
The U.S. Geological Survey, Chesapeake Bay Program, Interstate Commission on the Potomac River Basin, Maryland Department of the Environment, Virginia Department of Conservation and Recreation, and the University of Maryland are collaborating on the Chesapeake Bay Regional Watershed Model, using Hydrological Simulation Program - FORTRAN to simulate streamflow and concentrations and loads of nutrients and sediment. In order to establish a framework for model simulation, digital spatial datasets were created defining the discretization of the model region (including the Chesapeake Bay Watershed, as well as the adjacent parts of Maryland, Delaware, Virginia, Tennessee, and North Carolina outside the watershed) into land segments, a stream-reach network, and associated watersheds.

The purpose of the Chesapeake Bay land coverage is to represent the county political boundaries and areas of differing physiography and topography in the study area.  These land segments are based on an existing 1:100,000-scale digital dataset for all states in the study area.  Land segments and watersheds were intersected to create land-watershed segments for the model.  The land segments are to be used with the Chesapeake Bay Regional Watershed Model.  Other uses are not suggested.
</purpose><supplinf>
Any use of trade, product, or firm names is for descriptive purposes only and does not imply endorsement by the U.S. Geological Survey. 

Although this Federal Geographic Data Committee-compliant metadata file is intended to document the data set in nonproprietary form, as well as in ARC/INFO format, this metadata file may include some ARC/INFO-specific terminology.

Related websites:
Chesapeake Bay Program Home: 
http://www.chesapeakebay.net/index.cfm

Chesapeake Bay Program Modeling efforts:
http://www.chesapeakebay.net/model.htm

Chesapeake Bay Program work related to this GIS dataset:
http://www.chesapeakebay.net/phase5.htm

SPARROW Modeling and stream-reach network development
http://md.water.usgs.gov/publications/wrir-99-4054/

Maryland Department of the Environment (MDE)
http://www.mde.state.md.us/

Interstate Commission on the Potomac River Basin (ICPRB)
http://www.potomacriver.org/

Virginia Department of Conservation and Recreation (DCR)
http://www.dcr.state.va.us/

University of Maryland
http://www.umd.edu/
</supplinf></descript><timeperd><timeinfo><sngdate><caldate>2005</caldate></sngdate></timeinfo><current>publication date</current></timeperd><status><progress>Complete</progress><update>As needed</update></status><spdom><bounding><westbc>-84.636451</westbc><eastbc>-74.145544</eastbc><northbc>44.097085</northbc><southbc>35.612716</southbc></bounding></spdom><keywords><theme><themekt>ISO19119 Topic Category</themekt><themekey>inlandWaters</themekey><themekey>environment</themekey><themekey>farming</themekey><themekey>biota</themekey></theme><theme><themekt>none</themekt><themekey>County</themekey><themekey>Physiography</themekey><themekey>Elevation</themekey><themekey>Topography</themekey><themekey>HSPF model</themekey><themekey>Segmentation</themekey><themekey>Political Boundaries</themekey></theme><place><placekt>none</placekt><placekey>Chesapeake Bay Watershed</placekey><placekey>DE</placekey><placekey>MD</placekey><placekey>NC</placekey><placekey>NY</placekey><placekey>PA</placekey><placekey>TN</placekey><placekey>VA</placekey><placekey>WV</placekey></place><temporal><tempkey>2000-2005</tempkey></temporal></keywords><accconst>none</accconst><useconst>These data are to be used with the Chesapeake Bay Regional Watershed Model or projects related to this work.  The phase 5 and VA vs. MD issues are as such.  In order to avoid shoreline accuracy issues we extended our land and river segments out into the water.  This was intended to associate wetlands and near-shore or shallow water data with adjacent land and river segments.  It should NOT be used to assign water territory or state ownership of anything not directly associated with land.  The FIPS borders in the water are for internal model processing only.  </useconst><ptcontac><cntinfo><cntorgp><cntorg>U.S. Geological Survey</cntorg></cntorgp><cntpos>Ask USGS ? Water Webserver Team</cntpos><cntaddr><addrtype>mailing and physical address</addrtype><address>507 National Center</address><city>Reston</city><state>Virginia</state><postal>20192</postal><country>USA</country></cntaddr><cntvoice>1-888-275-8747 (1-888-ASK-USGS)</cntvoice><cntemail>http://answers.usgs.gov/cgi-bin/gsanswers?pemail=h2oteam&amp;amp;subject=GIS+Dataset+SIR2005_5073_cbland</cntemail></cntinfo></ptcontac><browse><browsen>http://water.usgs.gov/GIS/browse/SIR2005-5073_Cbland.jpg</browsen><browsed>Land segments of the Chesapeake Bay Regional Watershed Model</browsed><browset>JPEG</browset></browse><native>Microsoft Windows XP Version 5.1 (Build 2600) Service Pack 3; ESRI ArcCatalog 9.2.5.1450</native><crossref><citeinfo><origin/><pubdate/></citeinfo></crossref><natvform Sync="TRUE">Shapefile</natvform></idinfo><dataqual><logic>
Original data was in ArcInfo coverage format. Topology was built using either the Build command (01/26/2005).  The data layer is "topologically clean" as tested with the ArcInfo Build command.  Tolerances: Fuzzy = 0.974, Dangle = 0.00.  

Shapefiles have been compared to the original dataset. Data was converted to shapefile format 07/08/2005.
</logic><complete>US Counties were re-selected to represent only those completely within, or touching the boundary of the study area.  All counties within the states of Virgina, Maryland, Delaware, and Pennsylvania were included. Only a selected set of counties from New York, West Virginia, Tennessee, and North Carolina were included.  The rest of the counties within US Counties dataset were omited.  </complete><lineage><srcinfo><srccite><citeinfo><origin>US Geological Survey, EROS Data Center</origin><pubdate>1999</pubdate><title>National Elevation Dataset</title><edition>1</edition><geoform>raster digital data</geoform><pubinfo><pubplace>Sioux Falls, SD</pubplace><publish>U.S. Geological Survey </publish></pubinfo><onlink>http://gisdata.usgs.net/ned/</onlink><onlink>http://ned.usgs.gov/ned/ned.html</onlink><onlink>http://ned.usgs.gov</onlink></citeinfo></srccite><srctime><timeinfo><sngdate><caldate>1999</caldate></sngdate></timeinfo><srccurr>publication date</srccurr></srctime><srccitea>NED</srccitea><srccontr>National Elevation Dataset (NED) was contoured and used to define areas of great relief.  Counties with large differences in topography or geology were split so that county-scale rainfall data and other data could be distributed based on these differences.</srccontr></srcinfo><srcinfo><srccite><citeinfo><origin>U.S. Department of Commerce Bureau of Census</origin><pubdate>1993</pubdate><pubtime>not specified</pubtime><title>1:100,000-scale counties of the United States</title><edition>Edition 1.1</edition><geoform>vector digital data</geoform><othercit>U.S. Geological Survey, accessed November 16, 2004</othercit><onlink>http://water.usgs.gov/lookup/getspatial?county100</onlink></citeinfo></srccite><typesrc/><srctime><timeinfo><sngdate><caldate>1993</caldate></sngdate></timeinfo><srccurr>publication date</srccurr></srctime><srccitea>US Counties</srccitea><srccontr>The Counties of the United States served as the base for the land segments.  </srccontr></srcinfo><srcinfo><srccite><citeinfo><origin>U.S. Geological Survey,</origin><pubdate>1980</pubdate><title>Physiographic Provinces of Virginia: prov2m_ugs, 1:2,000,000 scale</title><geoform>vector digital data</geoform><othercit>Available through the Virginia Water USGS office</othercit></citeinfo></srccite><typesrc/><srctime><timeinfo><sngdate><caldate>1980</caldate></sngdate></timeinfo><srccurr>ground condition</srccurr></srctime><srccitea>Physiographic Provinces, VA</srccitea><srccontr>The Physiographic Province boundaries in Virginia were used as a guide for changes in topography.  Counties with large differences in topography or geology were split so that county-scale rainfall data and other data could be distributed based on these differences.</srccontr></srcinfo><srcinfo><srccite><citeinfo><origin>U.S. Geological Survey</origin><pubdate>2000</pubdate><title>Hydrogeomorphic Regions in the Chesapeake Bay Watershed</title><edition>1</edition><serinfo><sername>Open-File Report</sername><issue>00-424</issue></serinfo><pubinfo><pubplace>Maryland</pubplace><publish>U.S. Geological Survey</publish></pubinfo><othercit>Brakebill, J.W., and Kelley, S.K., 2000, Version 1: U.S. Geological Survey Open-File Report 00-424, accessed November 16, 2004 at</othercit><onlink>http://water.usgs.gov/lookup/getspatial?hgmr</onlink></citeinfo></srccite><typesrc/><srctime><timeinfo><sngdate><caldate>2000</caldate></sngdate></timeinfo><srccurr>publication date</srccurr></srctime><srccitea>HGMR</srccitea><srccontr>Hydrogeomorphic Regions were used to differentiate between areas of great relief and differences in geology.  Counties with large differences in topography or geology were split so that county-scale rainfall data and other data could be distributed based on these differences. </srccontr></srcinfo><srcinfo><srccite><citeinfo><origin>U.S. Census Bureau Geography Division</origin><pubdate>2004</pubdate><pubtime>not specified</pubtime><title>Significant changes to counties and county equivalent entities: 1970-present</title><edition>not specified</edition><geoform>vector digital data</geoform><onlink>http://www.census.gov/geo/www/tiger/ctychng.html</onlink></citeinfo></srccite><typesrc/><srctime><timeinfo><sngdate><caldate>2004</caldate></sngdate></timeinfo><srccurr>publication date</srccurr></srctime><srccitea>Census county and city changes</srccitea><srccontr>Used to update boundaries of incorporated cities to reflect land acquisition since the publication date of the county dataset. </srccontr></srcinfo><procstep><procdesc>1:100,000-scale counties of the United States projected to UTM zone 18, NAD83, and reselected for study area. Only counties within the Chesapeake Bay or adjacent land in NY, PA, MD, DE, WV, VA, NC, and TN were included. </procdesc><procdate>2003</procdate></procstep><procstep><procdesc>Polygons divided into 2-3 parts through on-screen editing, if determined necessary.  Large differences in physography or topography were used to determine whether a polygon should be divided.  Various sources used in each state.  See source information for details.</procdesc><srcused>Physiographic Provinces, VA</srcused><srcused>HGMR</srcused><srcused>NED</srcused><procdate>2003</procdate></procstep><procstep><procdesc>Incorporated cities and counties were updated with Census 2000 boundaries.</procdesc><srcused>Census County and City Changes</srcused><procdate>2003</procdate></procstep><procstep><procdesc>Metadata imported.</procdesc><srcused>C:\DOCUME~1\khopkins\LOCALS~1\Temp\xmlC09D.tmp</srcused><date>20051128</date><time>10443100</time></procstep><procstep><procdesc>Dataset copied.</procdesc><srcused>H:\landcov\TOWSON2002_LC\p5_counties_Merge</srcused><date>20070518</date><time>15541300</time></procstep><procstep><procdesc>Dataset copied.</procdesc><srcused/><date>20070522</date><time>10191500</time></procstep><procstep><procdesc>Dataset copied.</procdesc><srcused>Server=gar-dev; Service=5151; Database=GIS; User=\; Version=sde.DEFAULT</srcused><date>20070608</date><time>15145100</time></procstep><procstep><procdesc>Dataset copied.</procdesc><srcused>Server=gar-dev; Service=5151; Database=gis; User=GISOwner; Version=sde.DEFAULT</srcused><date>20080610</date><time>17120900</time></procstep><procstep><procdesc>Dataset copied.</procdesc><srcused>Server=gar-dev; Service=sde:sqlserver:gar-dev; Database=gis; Version=sde.DEFAULT</srcused><procdate>20090709</procdate><proctime>11375700</proctime></procstep><procstep><procdesc>Dataset copied.</procdesc><srcused>G:\GIS\Working\hweinberg\Modeling\RSEGS_CBSEGS\rsegs_to_cbsegs</srcused><procdate>20090930</procdate><proctime>14420500</proctime></procstep><procstep><procdesc>Dataset copied.</procdesc><srcused>G:\GIS\Working\hweinberg\Modeling\RSEGS_CBSEGS\RIVERSEGS_Sept09</srcused><procdate>20091001</procdate><proctime>13511600</proctime></procstep><procstep><procdesc>Dataset copied.</procdesc><srcused>G:\GIS\Working\hweinberg\Modeling\RSEGS_CBSEGS\RIVERSEGS_Sept09</srcused><procdate>20100609</procdate><proctime>09203100</proctime></procstep><procstep><procdesc>Dataset copied.</procdesc><srcused>G:\GIS\Working\hweinberg\Modeling\RSEGS_CBSEGS\RIVERSEGS_June10</srcused><procdate>20100720</procdate><proctime>14142400</proctime></procstep><procstep><procdesc>Dataset moved.</procdesc><srcused>G:\GIS\Working\hweinberg\Modeling\RSEGS_CBSEGS\RIVERSEGS_July_10</srcused><procdate>20100720</procdate><proctime>14155400</proctime></procstep><procstep><procdesc>Dataset copied.</procdesc><srcused/><procdate>20100824</procdate><proctime>13591700</proctime></procstep><procstep><procdesc>Dataset copied.</procdesc><srcused/><procdate>20100827</procdate><proctime>08563400</proctime></procstep><procstep><procdesc>Dataset copied.</procdesc><srcused>\\NAS2.chesapeakebay.net\WrkGrp\GIS\Working\hweinberg\Modeling\LRsegs_P5_3_2\P5_3_2_segs.mdb</srcused><procdate>20100924</procdate><proctime>11363700</proctime></procstep></lineage></dataqual><spdoinfo><direct>Vector</direct><ptvctinf><esriterm Name="phase5landsegs_downloadeddata"><efeatyp Sync="TRUE">Simple</efeatyp><efeageom code="4" Sync="TRUE"></efeageom><esritopo Sync="TRUE">FALSE</esritopo><efeacnt Sync="TRUE">0</efeacnt><spindex Sync="TRUE">FALSE</spindex><linrefer Sync="TRUE">FALSE</linrefer></esriterm></ptvctinf></spdoinfo><spref><horizsys><planar><planci><plance>coordinate pair</plance><coordrep><absres>0.002048</absres><ordres>0.002048</ordres></coordrep><plandu>meters</plandu></planci></planar><geodetic><horizdn>North American Datum of 1983</horizdn><ellips>Geodetic Reference System 80</ellips><semiaxis>6378137.000000</semiaxis><denflat>298.257222</denflat></geodetic></horizsys><vertdef><altsys><altenc>Explicit elevation coordinate included with horizontal coordinates</altenc><altres>1.000000</altres></altsys></vertdef></spref><eainfo><detailed Name="phase5landsegs_downloadeddata"><enttyp><enttypl Sync="TRUE">phase5landsegs_downloadeddata</enttypl><enttypd>Polygon Attribute Table</enttypd><enttypds>ESRI</enttypds><enttypt Sync="TRUE">Feature Class</enttypt><enttypc Sync="TRUE">0</enttypc></enttyp><attr><attrlabl Sync="TRUE">LandSeg</attrlabl><attalias Sync="TRUE">FID</attalias><attrtype Sync="TRUE">OID</attrtype><attwidth Sync="TRUE">4</attwidth><atprecis Sync="TRUE">0</atprecis><attscale Sync="TRUE">0</attscale><attrdef Sync="TRUE">Length of feature in internal units.</attrdef><attrdefs Sync="TRUE">Esri</attrdefs><attrdomv><udom Sync="TRUE">Positive real numbers that are automatically generated.</udom></attrdomv></attr><attr><attrlabl Sync="TRUE">Shape_Area</attrlabl><attalias Sync="TRUE">Shape_Area</attalias><attrtype Sync="TRUE">Double</attrtype><attwidth Sync="TRUE">19</attwidth><atprecis Sync="TRUE">0</atprecis><attscale Sync="TRUE">0</attscale><attrdef Sync="TRUE">Area of feature in internal units squared.</attrdef><attrdefs Sync="TRUE">Esri</attrdefs><attrdomv><udom Sync="TRUE">Positive real numbers that are automatically generated.</udom></attrdomv></attr><attr><attrlabl Sync="TRUE">OBJECTID</attrlabl><attalias Sync="TRUE">OBJECTID</attalias><attrtype Sync="TRUE">Integer</attrtype><attwidth Sync="TRUE">10</attwidth><atprecis Sync="TRUE">10</atprecis><attscale Sync="TRUE">0</attscale></attr><attr><attrlabl Sync="TRUE">Join_Count</attrlabl><attalias Sync="TRUE">Join_Count</attalias><attrtype Sync="TRUE">Integer</attrtype><attwidth Sync="TRUE">10</attwidth><atprecis Sync="TRUE">10</atprecis><attscale Sync="TRUE">0</attscale></attr><attr><attrlabl Sync="TRUE">TARGET_FID</attrlabl><attalias Sync="TRUE">TARGET_FID</attalias><attrtype Sync="TRUE">Integer</attrtype><attwidth Sync="TRUE">10</attwidth><atprecis Sync="TRUE">10</atprecis><attscale Sync="TRUE">0</attscale></attr><attr><attrlabl>SHAPE</attrlabl><attrdef>Feature geometry.</attrdef><attrdefs>ESRI</attrdefs><attrdomv><udom>Coordinates defining the features.</udom></attrdomv><attalias Sync="TRUE">TidalWater</attalias><attrtype Sync="TRUE">String</attrtype><attwidth Sync="TRUE">1</attwidth><atprecis Sync="TRUE">0</atprecis><attscale Sync="TRUE">0</attscale></attr><attr><attrlabl Sync="TRUE">TidalWater</attrlabl><attalias Sync="TRUE">ST</attalias><attrtype Sync="TRUE">String</attrtype><attwidth Sync="TRUE">2</attwidth><atprecis Sync="TRUE">0</atprecis><attscale Sync="TRUE">0</attscale></attr><attr><attrlabl Sync="TRUE">ST</attrlabl><attalias Sync="TRUE">CountyName</attalias><attrtype Sync="TRUE">String</attrtype><attwidth Sync="TRUE">23</attwidth><atprecis Sync="TRUE">0</atprecis><attscale Sync="TRUE">0</attscale></attr><attr><attrlabl Sync="TRUE">CountyName</attrlabl><attalias Sync="TRUE">FIPS2</attalias><attrtype Sync="TRUE">Integer</attrtype><attwidth Sync="TRUE">10</attwidth><atprecis Sync="TRUE">10</atprecis><attscale Sync="TRUE">0</attscale></attr><attr><attrlabl Sync="TRUE">FIPS2</attrlabl><attalias Sync="TRUE">CBW</attalias><attrtype Sync="TRUE">String</attrtype><attwidth Sync="TRUE">1</attwidth><atprecis Sync="TRUE">0</atprecis><attscale Sync="TRUE">0</attscale></attr><attr><attrlabl Sync="TRUE">CBW</attrlabl><attalias Sync="TRUE">FIPS</attalias><attrtype Sync="TRUE">Integer</attrtype><attwidth Sync="TRUE">10</attwidth><atprecis Sync="TRUE">10</atprecis><attscale Sync="TRUE">0</attscale></attr><attr><attrlabl Sync="TRUE">FIPS</attrlabl><attalias Sync="TRUE">Shape</attalias><attrtype Sync="TRUE">Geometry</attrtype><attwidth Sync="TRUE">0</attwidth><atprecis Sync="TRUE">0</atprecis><attscale Sync="TRUE">0</attscale><attrdef Sync="TRUE">Feature geometry.</attrdef><attrdefs Sync="TRUE">Esri</attrdefs><attrdomv><udom Sync="TRUE">Coordinates defining the features.</udom></attrdomv></attr><attr><attrlabl Sync="TRUE">Shape_Leng</attrlabl><attalias Sync="TRUE">Shape_Leng</attalias><attrtype Sync="TRUE">Double</attrtype><attwidth Sync="TRUE">19</attwidth><atprecis Sync="TRUE">0</atprecis><attscale Sync="TRUE">0</attscale></attr><attr><attrlabl>Shape</attrlabl><attrdef>Feature geometry.</attrdef><attrdefs>ESRI</attrdefs><attrdomv><udom>Coordinates defining the features.</udom></attrdomv><attalias Sync="TRUE">LandSeg</attalias><attrtype Sync="TRUE">String</attrtype><attwidth Sync="TRUE">6</attwidth><atprecis Sync="TRUE">0</atprecis><attscale Sync="TRUE">0</attscale></attr></detailed></eainfo><metainfo><metd>20080710</metd><metc><cntinfo><cntorgp><cntorg>U.S. Geological Survey</cntorg><cntper>REQUIRED: The person responsible for the metadata information.</cntper></cntorgp><cntpos>Ask USGS -- Water Webserver Team</cntpos><cntaddr><addrtype>mailing address</addrtype><address>507 National Center</address><city>Reston</city><state>VA</state><postal>20192</postal><country>USA</country></cntaddr><cntvoice>1-888-275-8747 (1-888-ASK-USGS)</cntvoice><cntemail>http://water.usgs.gov/user_feedback_form.html</cntemail></cntinfo></metc><metstdn>FGDC Content Standards for Digital Geospatial Metadata</metstdn><metstdv>FGDC-STD-001-1998</metstdv><mettc>local time</mettc></metainfo><dataIdInfo><envirDesc Sync="TRUE">Microsoft Windows 10 Version 10.0 (Build 19043) ; Esri ArcGIS 12.9.0.32739</envirDesc><dataLang><languageCode value="en" country="US"/><countryCode value="USA" Sync="TRUE"></countryCode></dataLang><idCitation><resTitle Sync="TRUE">phase5landsegs_downloadeddata</resTitle><presForm><PresFormCd value="005"/></presForm></idCitation><spatRpType><SpatRepTypCd value="001"/></spatRpType><dataExt><geoEle><GeoBndBox esriExtentType="search"><westBL Sync="TRUE">-84.636451</westBL><eastBL Sync="TRUE">-74.145544</eastBL><northBL Sync="TRUE">44.097085</northBL><southBL Sync="TRUE">35.612716</southBL><exTypeCode Sync="TRUE">1</exTypeCode></GeoBndBox></geoEle></dataExt><geoBox esriExtentType="decdegrees"><westBL>-84.636451</westBL><eastBL>-74.145544</eastBL><northBL>44.097085</northBL><southBL>35.612716</southBL><exTypeCode>1</exTypeCode></geoBox><descKeys><thesaName uuidref="723f6998-058e-11dc-8314-0800200c9a66"></thesaName><keyword Sync="TRUE">002</keyword></descKeys></dataIdInfo><mdLang><languageCode value="en"/><countryCode value="USA" Sync="TRUE"></countryCode></mdLang><mdStanName>ISO 19115 Geographic Information - Metadata</mdStanName><mdStanVer>DIS_ESRI1.0</mdStanVer><mdChar><CharSetCd value="004"/></mdChar><mdHrLv><ScopeCd value="005"/></mdHrLv><mdHrLvName Sync="TRUE">dataset</mdHrLvName><distInfo><distributor><distorTran><onLineSrc><orDesc>002</orDesc><linkage>file://</linkage><protocol>Local Area Network</protocol></onLineSrc><transSize>0.000</transSize></distorTran><distorFormat><formatName>SDE Feature Class</formatName></distorFormat></distributor><distFormat><formatName Sync="TRUE">Shapefile</formatName></distFormat><distTranOps><transSize Sync="TRUE">0.000</transSize></distTranOps></distInfo><refSysInfo><RefSystem><refSysID><identCode code="26918">NAD_1983_UTM_Zone_18N</identCode><idCodeSpace Sync="TRUE">EPSG</idCodeSpace><idVersion Sync="TRUE">6.11(3.0.1)</idVersion></refSysID></RefSystem></refSysInfo><spatRepInfo><VectSpatRep><geometObjs Name="phase5landsegs_downloadeddata"><geoObjTyp><GeoObjTypCd value="002" Sync="TRUE"></GeoObjTypCd></geoObjTyp><geoObjCnt Sync="TRUE">0</geoObjCnt></geometObjs><topLvl><TopoLevCd value="001" Sync="TRUE"></TopoLevCd></topLvl></VectSpatRep></spatRepInfo><mdDateSt Sync="TRUE">20220301</mdDateSt><history><log><item><changeset>0</changeset><changetype>Data</changetype><user>CIMS\hweinber</user><date>6/9/2010 9:26:32 AM</date><comment/></item><item><changeset>1</changeset><changetype>Data</changetype><user>CIMS\hweinber</user><date>6/9/2010 4:25:45 PM</date><comment/></item><item><changeset>2</changeset><changetype>Data</changetype><user>CIMS\hweinber</user><date>7/27/2010 8:59:29 AM</date><comment/></item><item><changeset>3</changeset><changetype>Data</changetype><user>CIMS\hweinber</user><date>8/24/2010 4:32:00 PM</date><comment/></item><item><changeset>4</changeset><changetype>Data</changetype><user>CIMS\hweinber</user><date>8/25/2010 11:30:18 AM</date><comment/></item><item><changeset>5</changeset><changetype>Data</changetype><user>CIMS\hweinber</user><date>8/25/2010 11:50:05 AM</date><comment/></item><item><changeset>6</changeset><changetype>Data</changetype><user>CIMS\hweinber</user><date>8/25/2010 12:25:51 PM</date><comment/></item><item><changeset>7</changeset><changetype>Data</changetype><user>CIMS\hweinber</user><date>8/25/2010 12:29:15 PM</date><comment/></item><item><changeset>8</changeset><changetype>Data</changetype><user>CIMS\hweinber</user><date>8/25/2010 1:42:31 PM</date><comment/></item><item><changeset>9</changeset><changetype>Data</changetype><user>CIMS\hweinber</user><date>8/25/2010 3:09:23 PM</date><comment/></item><item><changeset>10</changeset><changetype>Data</changetype><user>CIMS\hweinber</user><date>8/25/2010 3:14:27 PM</date><comment/></item><item><changeset>11</changeset><changetype>Data</changetype><user>CIMS\hweinber</user><date>8/25/2010 3:16:41 PM</date><comment/></item><item><changeset>12</changeset><changetype>Data</changetype><user>CIMS\hweinber</user><date>8/25/2010 3:54:12 PM</date><comment/></item><item><changeset>13</changeset><changetype>Data</changetype><user>CIMS\hweinber</user><date>8/26/2010 8:54:49 AM</date><comment/></item><item><changeset>14</changeset><changetype>Data</changetype><user>CIMS\hweinber</user><date>8/26/2010 9:12:13 AM</date><comment/></item><item><changeset>15</changeset><changetype>Data</changetype><user>CIMS\hweinber</user><date>8/26/2010 11:30:53 AM</date><comment/></item><item><changeset>16</changeset><changetype>Data</changetype><user>CIMS\hweinber</user><date>8/26/2010 11:53:02 AM</date><comment/></item><item><changeset>17</changeset><changetype>Data</changetype><user>CIMS\hweinber</user><date>8/26/2010 12:07:44 PM</date><comment/></item><item><changeset>18</changeset><changetype>Data</changetype><user>CIMS\hweinber</user><date>8/26/2010 2:19:36 PM</date><comment/></item><item><changeset>19</changeset><changetype>Data</changetype><user>CIMS\hweinber</user><date>8/26/2010 2:23:47 PM</date><comment/></item><item><changeset>20</changeset><changetype>Data</changetype><user>CIMS\hweinber</user><date>8/26/2010 3:24:07 PM</date><comment/></item><item><changeset>21</changeset><changetype>Data</changetype><user>CIMS\hweinber</user><date>8/26/2010 4:08:33 PM</date><comment/></item><item><changeset>22</changeset><changetype>Data</changetype><user>CIMS\hweinber</user><date>8/26/2010 4:22:14 PM</date><comment/></item><item><changeset>23</changeset><changetype>Data</changetype><user>CIMS\hweinber</user><date>8/26/2010 4:27:43 PM</date><comment/></item><item><changeset>24</changeset><changetype>Data</changetype><user>CIMS\hweinber</user><date>8/30/2010 11:06:13 AM</date><comment/></item><item><changeset>25</changeset><changetype>Data</changetype><user>CIMS\hweinber</user><date>8/30/2010 11:53:30 AM</date><comment/></item><item><changeset>26</changeset><changetype>Data</changetype><user>CIMS\hweinber</user><date>8/30/2010 2:29:10 PM</date><comment/></item><item><changeset>27</changeset><changetype>Data</changetype><user>CIMS\hweinber</user><date>8/30/2010 3:07:28 PM</date><comment/></item><item><changeset>28</changeset><changetype>Data</changetype><user>CIMS\hweinber</user><date>8/30/2010 3:33:48 PM</date><comment/></item><item><changeset>29</changeset><changetype>Data</changetype><user>CIMS\hweinber</user><date>8/30/2010 4:02:34 PM</date><comment/></item><item><changeset>30</changeset><changetype>Data</changetype><user>CIMS\hweinber</user><date>8/31/2010 10:52:13 AM</date><comment/></item><item><changeset>31</changeset><changetype>Data</changetype><user>CIMS\hweinber</user><date>8/31/2010 2:09:05 PM</date><comment/></item><item><changeset>32</changeset><changetype>Data</changetype><user>CIMS\hweinber</user><date>8/31/2010 4:30:44 PM</date><comment/></item><item><changeset>33</changeset><changetype>Data</changetype><user>CIMS\hweinber</user><date>9/1/2010 9:27:40 AM</date><comment/></item><item><changeset>34</changeset><changetype>Data</changetype><user>CIMS\hweinber</user><date>9/1/2010 10:36:41 AM</date><comment/></item><item><changeset>35</changeset><changetype>Data</changetype><user>CIMS\hweinber</user><date>9/1/2010 10:53:30 AM</date><comment/></item><item><changeset>36</changeset><changetype>Data</changetype><user>CIMS\hweinber</user><date>9/1/2010 11:11:43 AM</date><comment/></item><item><changeset>37</changeset><changetype>Data</changetype><user>CIMS\hweinber</user><date>9/1/2010 11:32:55 AM</date><comment/></item><item><changeset>38</changeset><changetype>Data</changetype><user>CIMS\hweinber</user><date>9/1/2010 11:49:15 AM</date><comment/></item><item><changeset>39</changeset><changetype>Data</changetype><user>CIMS\hweinber</user><date>9/1/2010 1:58:45 PM</date><comment/></item><item><changeset>40</changeset><changetype>Data</changetype><user>CIMS\hweinber</user><date>9/1/2010 2:33:32 PM</date><comment/></item><item><changeset>41</changeset><changetype>Data</changetype><user>CIMS\hweinber</user><date>9/1/2010 2:49:12 PM</date><comment/></item><item><changeset>42</changeset><changetype>Data</changetype><user>CIMS\hweinber</user><date>9/1/2010 4:19:59 PM</date><comment/></item><item><changeset>43</changeset><changetype>Data</changetype><user>CIMS\hweinber</user><date>9/1/2010 4:42:53 PM</date><comment/></item><item><changeset>44</changeset><changetype>Data</changetype><user>CIMS\hweinber</user><date>9/2/2010 9:30:58 AM</date><comment/></item><item><changeset>45</changeset><changetype>Data</changetype><user>CIMS\hweinber</user><date>9/2/2010 10:31:20 AM</date><comment/></item><item><changeset>46</changeset><changetype>Data</changetype><user>CIMS\hweinber</user><date>9/2/2010 11:46:17 AM</date><comment/></item><item><changeset>47</changeset><changetype>Data</changetype><user>CIMS\hweinber</user><date>9/2/2010 11:59:26 AM</date><comment/></item><item><changeset>48</changeset><changetype>Data</changetype><user>CIMS\hweinber</user><date>9/2/2010 12:08:59 PM</date><comment/></item><item><changeset>49</changeset><changetype>Data</changetype><user>CIMS\hweinber</user><date>9/2/2010 1:52:02 PM</date><comment/></item><item><changeset>50</changeset><changetype>Data</changetype><user>CIMS\hweinber</user><date>9/2/2010 2:19:07 PM</date><comment/></item><item><changeset>51</changeset><changetype>Data</changetype><user>CIMS\hweinber</user><date>9/2/2010 3:03:02 PM</date><comment/></item><item><changeset>52</changeset><changetype>Data</changetype><user>CIMS\hweinber</user><date>9/2/2010 4:55:12 PM</date><comment/></item><item><changeset>53</changeset><changetype>Data</changetype><user>CIMS\hweinber</user><date>9/2/2010 4:56:13 PM</date><comment/></item><item><changeset>54</changeset><changetype>Data</changetype><user>CIMS\hweinber</user><date>9/3/2010 9:39:02 AM</date><comment/></item><item><changeset>55</changeset><changetype>Data</changetype><user>CIMS\hweinber</user><date>9/3/2010 10:29:42 AM</date><comment/></item><item><changeset>56</changeset><changetype>Data</changetype><user>CIMS\hweinber</user><date>9/3/2010 10:43:55 AM</date><comment/></item><item><changeset>57</changeset><changetype>Data</changetype><user>CIMS\hweinber</user><date>9/3/2010 11:06:35 AM</date><comment/></item><item><changeset>58</changeset><changetype>Data</changetype><user>CIMS\hweinber</user><date>9/3/2010 12:07:34 PM</date><comment/></item><item><changeset>59</changeset><changetype>Data</changetype><user>CIMS\hweinber</user><date>9/3/2010 1:51:11 PM</date><comment/></item><item><changeset>60</changeset><changetype>Data</changetype><user>CIMS\hweinber</user><date>9/3/2010 2:32:43 PM</date><comment/></item><item><changeset>61</changeset><changetype>Data</changetype><user>CIMS\hweinber</user><date>9/3/2010 2:47:25 PM</date><comment/></item><item><changeset>62</changeset><changetype>Data</changetype><user>CIMS\hweinber</user><date>9/3/2010 3:09:40 PM</date><comment/></item><item><changeset>63</changeset><changetype>Data</changetype><user>CIMS\hweinber</user><date>9/3/2010 3:19:50 PM</date><comment/></item><item><changeset>64</changeset><changetype>Data</changetype><user>CIMS\hweinber</user><date>9/3/2010 3:55:47 PM</date><comment/></item><item><changeset>65</changeset><changetype>Data</changetype><user>CIMS\hweinber</user><date>9/7/2010 10:46:30 AM</date><comment/></item><item><changeset>66</changeset><changetype>Data</changetype><user>CIMS\hweinber</user><date>9/7/2010 10:57:57 AM</date><comment/></item><item><changeset>67</changeset><changetype>Data</changetype><user>CIMS\hweinber</user><date>9/7/2010 11:01:56 AM</date><comment/></item><item><changeset>68</changeset><changetype>Data</changetype><user>CIMS\hweinber</user><date>9/7/2010 11:07:07 AM</date><comment/></item><item><changeset>69</changeset><changetype>Data</changetype><user>CIMS\hweinber</user><date>9/7/2010 11:18:35 AM</date><comment/></item><item><changeset>70</changeset><changetype>Data</changetype><user>CIMS\hweinber</user><date>9/7/2010 11:21:27 AM</date><comment/></item><item><changeset>71</changeset><changetype>Data</changetype><user>CIMS\hweinber</user><date>9/7/2010 11:21:41 AM</date><comment/></item><item><changeset>72</changeset><changetype>Data</changetype><user>CIMS\hweinber</user><date>9/7/2010 11:24:33 AM</date><comment/></item><item><changeset>73</changeset><changetype>Data</changetype><user>CIMS\hweinber</user><date>9/7/2010 11:30:29 AM</date><comment/></item><item><changeset>74</changeset><changetype>Data</changetype><user>CIMS\hweinber</user><date>9/7/2010 11:32:53 AM</date><comment/></item><item><changeset>75</changeset><changetype>Data</changetype><user>CIMS\hweinber</user><date>9/7/2010 11:35:38 AM</date><comment/></item><item><changeset>76</changeset><changetype>Data</changetype><user>CIMS\hweinber</user><date>9/7/2010 11:37:23 AM</date><comment/></item><item><changeset>77</changeset><changetype>Data</changetype><user>CIMS\hweinber</user><date>9/7/2010 11:39:29 AM</date><comment/></item><item><changeset>78</changeset><changetype>Data</changetype><user>CIMS\hweinber</user><date>9/7/2010 11:46:14 AM</date><comment/></item><item><changeset>79</changeset><changetype>Data</changetype><user>CIMS\hweinber</user><date>9/7/2010 11:50:51 AM</date><comment/></item><item><changeset>80</changeset><changetype>Data</changetype><user>CIMS\hweinber</user><date>9/7/2010 12:11:12 PM</date><comment/></item><item><changeset>81</changeset><changetype>Data</changetype><user>CIMS\hweinber</user><date>9/7/2010 12:20:47 PM</date><comment/></item><item><changeset>82</changeset><changetype>Data</changetype><user>CIMS\hweinber</user><date>9/7/2010 12:22:35 PM</date><comment/></item><item><changeset>83</changeset><changetype>Data</changetype><user>CIMS\hweinber</user><date>9/7/2010 12:25:15 PM</date><comment/></item><item><changeset>84</changeset><changetype>Data</changetype><user>CIMS\hweinber</user><date>9/7/2010 1:13:40 PM</date><comment/></item><item><changeset>85</changeset><changetype>Data</changetype><user>CIMS\hweinber</user><date>9/7/2010 1:16:05 PM</date><comment/></item><item><changeset>86</changeset><changetype>Data</changetype><user>CIMS\hweinber</user><date>9/7/2010 1:17:52 PM</date><comment/></item><item><changeset>87</changeset><changetype>Data</changetype><user>CIMS\hweinber</user><date>9/7/2010 1:21:46 PM</date><comment/></item><item><changeset>88</changeset><changetype>Data</changetype><user>CIMS\hweinber</user><date>9/7/2010 1:25:39 PM</date><comment/></item><item><changeset>89</changeset><changetype>Data</changetype><user>CIMS\hweinber</user><date>9/7/2010 1:31:16 PM</date><comment/></item><item><changeset>90</changeset><changetype>Data</changetype><user>CIMS\hweinber</user><date>9/7/2010 1:33:52 PM</date><comment/></item><item><changeset>91</changeset><changetype>Data</changetype><user>CIMS\hweinber</user><date>9/7/2010 1:56:12 PM</date><comment/></item><item><changeset>92</changeset><changetype>Data</changetype><user>CIMS\hweinber</user><date>9/7/2010 1:58:45 PM</date><comment/></item><item><changeset>93</changeset><changetype>Data</changetype><user>CIMS\hweinber</user><date>9/7/2010 2:00:18 PM</date><comment/></item><item><changeset>94</changeset><changetype>Data</changetype><user>CIMS\hweinber</user><date>9/7/2010 2:17:39 PM</date><comment/></item><item><changeset>95</changeset><changetype>Data</changetype><user>CIMS\hweinber</user><date>9/7/2010 2:19:42 PM</date><comment/></item><item><changeset>96</changeset><changetype>Data</changetype><user>CIMS\hweinber</user><date>9/7/2010 2:22:21 PM</date><comment/></item><item><changeset>97</changeset><changetype>Data</changetype><user>CIMS\hweinber</user><date>9/7/2010 2:25:44 PM</date><comment/></item><item><changeset>98</changeset><changetype>Data</changetype><user>CIMS\hweinber</user><date>9/7/2010 2:46:17 PM</date><comment/></item><item><changeset>99</changeset><changetype>Data</changetype><user>CIMS\hweinber</user><date>9/7/2010 2:51:40 PM</date><comment/></item><item><changeset>100</changeset><changetype>Data</changetype><user>CIMS\hweinber</user><date>9/7/2010 3:00:59 PM</date><comment/></item><item><changeset>101</changeset><changetype>Data</changetype><user>CIMS\hweinber</user><date>9/7/2010 3:06:20 PM</date><comment/></item><item><changeset>102</changeset><changetype>Data</changetype><user>CIMS\hweinber</user><date>9/7/2010 3:08:55 PM</date><comment/></item><item><changeset>103</changeset><changetype>Data</changetype><user>CIMS\hweinber</user><date>9/7/2010 3:10:31 PM</date><comment/></item><item><changeset>104</changeset><changetype>Data</changetype><user>CIMS\hweinber</user><date>9/8/2010 9:33:33 AM</date><comment/></item><item><changeset>105</changeset><changetype>Data</changetype><user>CIMS\hweinber</user><date>9/8/2010 9:36:12 AM</date><comment/></item><item><changeset>106</changeset><changetype>Data</changetype><user>CIMS\hweinber</user><date>9/8/2010 10:02:46 AM</date><comment/></item><item><changeset>107</changeset><changetype>Data</changetype><user>CIMS\hweinber</user><date>9/8/2010 10:06:01 AM</date><comment/></item><item><changeset>108</changeset><changetype>Data</changetype><user>CIMS\hweinber</user><date>9/8/2010 10:08:48 AM</date><comment/></item><item><changeset>109</changeset><changetype>Data</changetype><user>CIMS\hweinber</user><date>9/8/2010 10:35:13 AM</date><comment/></item><item><changeset>110</changeset><changetype>Data</changetype><user>CIMS\hweinber</user><date>9/8/2010 10:37:30 AM</date><comment/></item><item><changeset>111</changeset><changetype>Data</changetype><user>CIMS\hweinber</user><date>9/8/2010 10:38:55 AM</date><comment/></item><item><changeset>112</changeset><changetype>Data</changetype><user>CIMS\hweinber</user><date>9/8/2010 10:42:00 AM</date><comment/></item><item><changeset>113</changeset><changetype>Data</changetype><user>CIMS\hweinber</user><date>9/8/2010 10:43:32 AM</date><comment/></item><item><changeset>114</changeset><changetype>Data</changetype><user>CIMS\hweinber</user><date>9/8/2010 10:45:00 AM</date><comment/></item><item><changeset>115</changeset><changetype>Data</changetype><user>CIMS\hweinber</user><date>9/8/2010 11:00:57 AM</date><comment/></item><item><changeset>116</changeset><changetype>Data</changetype><user>CIMS\hweinber</user><date>9/8/2010 11:02:16 AM</date><comment/></item><item><changeset>117</changeset><changetype>Data</changetype><user>CIMS\hweinber</user><date>9/8/2010 11:27:58 AM</date><comment/></item><item><changeset>118</changeset><changetype>Data</changetype><user>CIMS\hweinber</user><date>9/8/2010 1:27:21 PM</date><comment/></item><item><changeset>119</changeset><changetype>Data</changetype><user>CIMS\hweinber</user><date>9/8/2010 1:28:57 PM</date><comment/></item><item><changeset>120</changeset><changetype>Data</changetype><user>CIMS\hweinber</user><date>9/8/2010 1:47:23 PM</date><comment/></item><item><changeset>121</changeset><changetype>Data</changetype><user>CIMS\hweinber</user><date>9/8/2010 1:50:12 PM</date><comment/></item><item><changeset>122</changeset><changetype>Data</changetype><user>CIMS\hweinber</user><date>9/8/2010 1:55:18 PM</date><comment/></item><item><changeset>123</changeset><changetype>Data</changetype><user>CIMS\hweinber</user><date>9/8/2010 2:17:49 PM</date><comment/></item><item><changeset>124</changeset><changetype>Data</changetype><user>CIMS\hweinber</user><date>9/8/2010 2:20:18 PM</date><comment/></item><item><changeset>125</changeset><changetype>Data</changetype><user>CIMS\hweinber</user><date>9/8/2010 2:23:14 PM</date><comment/></item><item><changeset>126</changeset><changetype>Data</changetype><user>CIMS\hweinber</user><date>9/8/2010 2:30:34 PM</date><comment/></item><item><changeset>127</changeset><changetype>Data</changetype><user>CIMS\hweinber</user><date>9/8/2010 2:37:26 PM</date><comment/></item><item><changeset>128</changeset><changetype>Data</changetype><user>CIMS\hweinber</user><date>9/8/2010 2:41:28 PM</date><comment/></item><item><changeset>129</changeset><changetype>Data</changetype><user>CIMS\hweinber</user><date>9/8/2010 2:43:34 PM</date><comment/></item><item><changeset>130</changeset><changetype>Data</changetype><user>CIMS\hweinber</user><date>9/8/2010 2:48:31 PM</date><comment/></item><item><changeset>131</changeset><changetype>Data</changetype><user>CIMS\hweinber</user><date>9/8/2010 3:27:47 PM</date><comment/></item><item><changeset>132</changeset><changetype>Data</changetype><user>CIMS\hweinber</user><date>9/8/2010 3:34:16 PM</date><comment/></item><item><changeset>133</changeset><changetype>Data</changetype><user>CIMS\hweinber</user><date>9/8/2010 3:35:52 PM</date><comment/></item><item><changeset>134</changeset><changetype>Data</changetype><user>CIMS\hweinber</user><date>9/8/2010 3:40:50 PM</date><comment/></item><item><changeset>135</changeset><changetype>Data</changetype><user>CIMS\hweinber</user><date>9/8/2010 3:44:22 PM</date><comment/></item><item><changeset>136</changeset><changetype>Data</changetype><user>CIMS\hweinber</user><date>9/8/2010 3:50:56 PM</date><comment/></item><item><changeset>137</changeset><changetype>Data</changetype><user>CIMS\hweinber</user><date>9/8/2010 3:58:43 PM</date><comment/></item><item><changeset>138</changeset><changetype>Data</changetype><user>CIMS\hweinber</user><date>9/8/2010 4:01:18 PM</date><comment/></item><item><changeset>139</changeset><changetype>Data</changetype><user>CIMS\hweinber</user><date>9/8/2010 4:07:24 PM</date><comment/></item><item><changeset>140</changeset><changetype>Data</changetype><user>CIMS\hweinber</user><date>9/8/2010 4:36:08 PM</date><comment/></item><item><changeset>141</changeset><changetype>Data</changetype><user>CIMS\hweinber</user><date>9/9/2010 9:07:08 AM</date><comment/></item><item><changeset>142</changeset><changetype>Data</changetype><user>CIMS\hweinber</user><date>9/9/2010 9:18:58 AM</date><comment/></item><item><changeset>143</changeset><changetype>Data</changetype><user>CIMS\hweinber</user><date>9/9/2010 9:29:18 AM</date><comment/></item><item><changeset>144</changeset><changetype>Data</changetype><user>CIMS\hweinber</user><date>9/9/2010 10:05:59 AM</date><comment/></item><item><changeset>145</changeset><changetype>Data</changetype><user>CIMS\hweinber</user><date>9/9/2010 10:15:51 AM</date><comment/></item><item><changeset>146</changeset><changetype>Data</changetype><user>CIMS\hweinber</user><date>9/9/2010 10:33:35 AM</date><comment/></item><item><changeset>147</changeset><changetype>Data</changetype><user>CIMS\hweinber</user><date>9/9/2010 10:42:45 AM</date><comment/></item><item><changeset>148</changeset><changetype>Data</changetype><user>CIMS\hweinber</user><date>9/9/2010 10:47:27 AM</date><comment/></item><item><changeset>149</changeset><changetype>Data</changetype><user>CIMS\hweinber</user><date>9/9/2010 10:58:31 AM</date><comment/></item><item><changeset>150</changeset><changetype>Data</changetype><user>CIMS\hweinber</user><date>9/9/2010 11:01:42 AM</date><comment/></item><item><changeset>151</changeset><changetype>Data</changetype><user>CIMS\hweinber</user><date>9/9/2010 11:04:15 AM</date><comment/></item><item><changeset>152</changeset><changetype>Data</changetype><user>CIMS\hweinber</user><date>9/9/2010 11:10:48 AM</date><comment/></item><item><changeset>153</changeset><changetype>Data</changetype><user>CIMS\hweinber</user><date>9/9/2010 11:13:47 AM</date><comment/></item><item><changeset>154</changeset><changetype>Data</changetype><user>CIMS\hweinber</user><date>9/9/2010 11:20:21 AM</date><comment/></item><item><changeset>155</changeset><changetype>Data</changetype><user>CIMS\hweinber</user><date>9/9/2010 11:23:40 AM</date><comment/></item><item><changeset>156</changeset><changetype>Data</changetype><user>CIMS\hweinber</user><date>9/9/2010 11:41:05 AM</date><comment/></item><item><changeset>157</changeset><changetype>Data</changetype><user>CIMS\hweinber</user><date>9/9/2010 11:45:34 AM</date><comment/></item><item><changeset>158</changeset><changetype>Data</changetype><user>CIMS\hweinber</user><date>9/9/2010 11:50:56 AM</date><comment/></item><item><changeset>159</changeset><changetype>Data</changetype><user>CIMS\hweinber</user><date>9/9/2010 11:57:19 AM</date><comment/></item><item><changeset>160</changeset><changetype>Data</changetype><user>CIMS\hweinber</user><date>9/9/2010 11:59:37 AM</date><comment/></item><item><changeset>161</changeset><changetype>Data</changetype><user>CIMS\hweinber</user><date>9/9/2010 1:29:50 PM</date><comment/></item><item><changeset>162</changeset><changetype>Data</changetype><user>CIMS\hweinber</user><date>9/9/2010 1:32:26 PM</date><comment/></item><item><changeset>163</changeset><changetype>Data</changetype><user>CIMS\hweinber</user><date>9/9/2010 1:36:00 PM</date><comment/></item><item><changeset>164</changeset><changetype>Data</changetype><user>CIMS\hweinber</user><date>9/9/2010 1:43:03 PM</date><comment/></item><item><changeset>165</changeset><changetype>Data</changetype><user>CIMS\hweinber</user><date>9/9/2010 1:48:45 PM</date><comment/></item><item><changeset>166</changeset><changetype>Data</changetype><user>CIMS\hweinber</user><date>9/9/2010 1:52:21 PM</date><comment/></item><item><changeset>167</changeset><changetype>Data</changetype><user>CIMS\hweinber</user><date>9/9/2010 1:58:47 PM</date><comment/></item><item><changeset>168</changeset><changetype>Data</changetype><user>CIMS\hweinber</user><date>9/9/2010 2:09:22 PM</date><comment/></item><item><changeset>169</changeset><changetype>Data</changetype><user>CIMS\hweinber</user><date>9/9/2010 2:14:39 PM</date><comment/></item><item><changeset>170</changeset><changetype>Data</changetype><user>CIMS\hweinber</user><date>9/9/2010 2:21:28 PM</date><comment/></item><item><changeset>171</changeset><changetype>Data</changetype><user>CIMS\hweinber</user><date>9/9/2010 2:25:44 PM</date><comment/></item><item><changeset>172</changeset><changetype>Data</changetype><user>CIMS\hweinber</user><date>9/9/2010 2:27:32 PM</date><comment/></item><item><changeset>173</changeset><changetype>Data</changetype><user>CIMS\hweinber</user><date>9/9/2010 2:36:19 PM</date><comment/></item><item><changeset>174</changeset><changetype>Data</changetype><user>CIMS\hweinber</user><date>9/9/2010 2:39:09 PM</date><comment/></item><item><changeset>175</changeset><changetype>Data</changetype><user>CIMS\hweinber</user><date>9/9/2010 2:42:06 PM</date><comment/></item><item><changeset>176</changeset><changetype>Data</changetype><user>CIMS\hweinber</user><date>9/9/2010 2:42:59 PM</date><comment/></item><item><changeset>177</changeset><changetype>Data</changetype><user>CIMS\hweinber</user><date>9/10/2010 10:36:45 AM</date><comment/></item><item><changeset>178</changeset><changetype>Data</changetype><user>CIMS\hweinber</user><date>9/10/2010 10:42:24 AM</date><comment/></item><item><changeset>179</changeset><changetype>Data</changetype><user>CIMS\hweinber</user><date>9/10/2010 10:48:57 AM</date><comment/></item><item><changeset>180</changeset><changetype>Data</changetype><user>CIMS\hweinber</user><date>9/10/2010 10:57:26 AM</date><comment/></item><item><changeset>181</changeset><changetype>Data</changetype><user>CIMS\hweinber</user><date>9/10/2010 1:41:12 PM</date><comment/></item><item><changeset>182</changeset><changetype>Data</changetype><user>CIMS\hweinber</user><date>9/10/2010 1:44:15 PM</date><comment/></item><item><changeset>183</changeset><changetype>Data</changetype><user>CIMS\hweinber</user><date>9/10/2010 1:55:58 PM</date><comment/></item><item><changeset>184</changeset><changetype>Data</changetype><user>CIMS\hweinber</user><date>9/10/2010 2:00:53 PM</date><comment/></item><item><changeset>185</changeset><changetype>Data</changetype><user>CIMS\hweinber</user><date>9/10/2010 2:14:03 PM</date><comment/></item><item><changeset>186</changeset><changetype>Data</changetype><user>CIMS\hweinber</user><date>9/10/2010 2:24:21 PM</date><comment/></item><item><changeset>187</changeset><changetype>Data</changetype><user>CIMS\hweinber</user><date>9/10/2010 2:30:06 PM</date><comment/></item><item><changeset>188</changeset><changetype>Data</changetype><user>CIMS\hweinber</user><date>9/10/2010 2:36:28 PM</date><comment/></item><item><changeset>189</changeset><changetype>Data</changetype><user>CIMS\hweinber</user><date>9/10/2010 3:23:45 PM</date><comment/></item><item><changeset>190</changeset><changetype>Data</changetype><user>CIMS\hweinber</user><date>9/10/2010 3:26:49 PM</date><comment/></item><item><changeset>191</changeset><changetype>Data</changetype><user>CIMS\hweinber</user><date>9/10/2010 3:52:20 PM</date><comment/></item><item><changeset>192</changeset><changetype>Data</changetype><user>CIMS\hweinber</user><date>9/10/2010 3:58:50 PM</date><comment/></item><item><changeset>193</changeset><changetype>Data</changetype><user>CIMS\hweinber</user><date>9/10/2010 4:07:44 PM</date><comment/></item><item><changeset>194</changeset><changetype>Data</changetype><user>CIMS\hweinber</user><date>9/10/2010 4:14:17 PM</date><comment/></item><item><changeset>195</changeset><changetype>Data</changetype><user>CIMS\hweinber</user><date>9/10/2010 4:42:35 PM</date><comment/></item><item><changeset>196</changeset><changetype>Data</changetype><user>CIMS\hweinber</user><date>9/10/2010 4:46:06 PM</date><comment/></item><item><changeset>197</changeset><changetype>Data</changetype><user>CIMS\hweinber</user><date>9/10/2010 4:52:01 PM</date><comment/></item><item><changeset>198</changeset><changetype>Data</changetype><user>CIMS\hweinber</user><date>9/13/2010 10:05:12 AM</date><comment/></item><item><changeset>199</changeset><changetype>Data</changetype><user>CIMS\hweinber</user><date>9/13/2010 1:31:55 PM</date><comment/></item><item><changeset>200</changeset><changetype>Data</changetype><user>CIMS\hweinber</user><date>9/13/2010 1:45:29 PM</date><comment/></item><item><changeset>201</changeset><changetype>Data</changetype><user>CIMS\hweinber</user><date>9/13/2010 1:50:59 PM</date><comment/></item><item><changeset>202</changeset><changetype>Data</changetype><user>CIMS\hweinber</user><date>9/24/2010 11:38:58 AM</date><comment/></item><item><changeset>203</changeset><changetype>Data</changetype><user>CIMS\hweinber</user><date>9/30/2010 3:20:07 PM</date><comment></comment></item></log></history><distinfo><stdorder><digform><digtinfo><transize>29.844</transize><dssize Sync="TRUE">33.113</dssize></digtinfo></digform></stdorder><resdesc>Downloadable Data</resdesc></distinfo><Esri><SyncDate>20220301</SyncDate><SyncTime>01434800</SyncTime><ModDate>20220301</ModDate><ModTime>01434800</ModTime><CreaDate>20170531</CreaDate><CreaTime>15285400</CreaTime><ArcGISFormat>1.0</ArcGISFormat><SyncOnce>FALSE</SyncOnce><DataProperties><itemProps><itemLocation><linkage Sync="TRUE">file://\\LAPTOP-M5O595QV\C$\Users\sarah\Documents\ArcGIS\Projects\HARP Land Segments\phase5landsegs_downloadeddata.shp</linkage><protocol Sync="TRUE">Local Area Network</protocol></itemLocation><itemName Sync="TRUE">phase5landsegs_downloadeddata</itemName><imsContentType Sync="TRUE">002</imsContentType><nativeExtBox><westBL Sync="TRUE">-276779.000200</westBL><eastBL Sync="TRUE">568397.187500</eastBL><southBL Sync="TRUE">3974957.250900</southBL><northBL Sync="TRUE">4882655.999100</northBL><exTypeCode Sync="TRUE">1</exTypeCode></nativeExtBox><itemSize Sync="TRUE">0.000</itemSize></itemProps><copyHistory><copy source="G:\GIS\Working\hweinberg\Modeling\LRsegs_P5_3_2\P5_3_2_LRsegs_111910" dest="\\NAS2.chesapeakebay.net\WrkGrp\GIS\Working\modeling\P5_3_2_Layers\P5_3_2_LRsegs_111910" date="20101119" time="15154400"></copy></copyHistory><coordRef><type Sync="TRUE">Projected</type><geogcsn Sync="TRUE">GCS_North_American_1983</geogcsn><projcsn Sync="TRUE">NAD_1983_UTM_Zone_18N</projcsn><peXml Sync="TRUE">&lt;ProjectedCoordinateSystem xsi:type='typens:ProjectedCoordinateSystem' xmlns:xsi='http://www.w3.org/2001/XMLSchema-instance' xmlns:xs='http://www.w3.org/2001/XMLSchema' xmlns:typens='http://www.esri.com/schemas/ArcGIS/2.9.0'&gt;&lt;WKT&gt;PROJCS[&amp;quot;NAD_1983_UTM_Zone_18N&amp;quot;,GEOGCS[&amp;quot;GCS_North_American_1983&amp;quot;,DATUM[&amp;quot;D_North_American_1983&amp;quot;,SPHEROID[&amp;quot;GRS_1980&amp;quot;,6378137.0,298.257222101]],PRIMEM[&amp;quot;Greenwich&amp;quot;,0.0],UNIT[&amp;quot;Degree&amp;quot;,0.0174532925199433]],PROJECTION[&amp;quot;Transverse_Mercator&amp;quot;],PARAMETER[&amp;quot;False_Easting&amp;quot;,500000.0],PARAMETER[&amp;quot;False_Northing&amp;quot;,0.0],PARAMETER[&amp;quot;Central_Meridian&amp;quot;,-75.0],PARAMETER[&amp;quot;Scale_Factor&amp;quot;,0.9996],PARAMETER[&amp;quot;Latitude_Of_Origin&amp;quot;,0.0],UNIT[&amp;quot;Meter&amp;quot;,1.0],AUTHORITY[&amp;quot;EPSG&amp;quot;,26918]]&lt;/WKT&gt;&lt;XOrigin&gt;-5120900&lt;/XOrigin&gt;&lt;YOrigin&gt;-9998100&lt;/YOrigin&gt;&lt;XYScale&gt;450445547.3910538&lt;/XYScale&gt;&lt;ZOrigin&gt;-100000&lt;/ZOrigin&gt;&lt;ZScale&gt;10000&lt;/ZScale&gt;&lt;MOrigin&gt;-100000&lt;/MOrigin&gt;&lt;MScale&gt;10000&lt;/MScale&gt;&lt;XYTolerance&gt;0.001&lt;/XYTolerance&gt;&lt;ZTolerance&gt;0.001&lt;/ZTolerance&gt;&lt;MTolerance&gt;0.001&lt;/MTolerance&gt;&lt;HighPrecision&gt;true&lt;/HighPrecision&gt;&lt;WKID&gt;26918&lt;/WKID&gt;&lt;LatestWKID&gt;26918&lt;/LatestWKID&gt;&lt;/ProjectedCoordinateSystem&gt;</peXml><csUnits Sync="TRUE">Linear Unit: Meter (1.000000)</csUnits></coordRef><lineage><Process ToolSource="C:\Program Files (x86)\ArcGIS\Desktop10.0\ArcToolbox\Toolboxes\Data Management Tools.tbx\CalculateField" Date="20101110" Time="110952">CalculateField P5_3_2_RiverSegs_102710 RiverName "District of Columbia CSO" VB #</Process><Process ToolSource="C:\Program Files (x86)\ArcGIS\Desktop10.0\ArcToolbox\Toolboxes\Analysis Tools.tbx\Union" Date="20101116" Time="122153">Union "P5_3_2_RiverSegs_102710 #;P5_3_2_LandSegs_111510 #" G:\GIS\Working\hweinberg\Modeling\LRsegs_P5_3_2\P5_3_2_LRsegs_111610_05m_snap.shp ALL "0.5 Meters" GAPS</Process><Process ToolSource="C:\Program Files (x86)\ArcGIS\Desktop10.0\ArcToolbox\Toolboxes\Data Management Tools.tbx\CalculateField" Date="20101116" Time="123403">CalculateField P5_3_2_LRsegs_111610_05m_snap LndRvrSeg "[LandSeg] &amp; [RiverSeg]" VB #</Process><Process ToolSource="C:\Program Files (x86)\ArcGIS\Desktop10.0\ArcToolbox\Toolboxes\Data Management Tools.tbx\CalculateField" Date="20101116" Time="123428">CalculateField P5_3_2_LRsegs_111610_05m_snap LndRvrSegW "[LandSeg] &amp; [RiverSeg] &amp; [TidalWater]" VB #</Process><Process ToolSource="C:\Program Files (x86)\ArcGIS\Desktop10.0\ArcToolbox\Toolboxes\Data Management Tools.tbx\CalculateField" Date="20101116" Time="124939">CalculateField P5_3_2_LRsegs_111610_05m_snap FIPS2CAT "[FIPS2] &amp; [RiverSeg]" VB #</Process><Process ToolSource="C:\Program Files (x86)\ArcGIS\Desktop10.0\ArcToolbox\Toolboxes\Data Management Tools.tbx\CalculateField" Date="20101116" Time="134638">CalculateField P5_3_2_LRsegs_111610_05m_snap P5TSB05 "DC, Combined Sewer Overflow" VB #</Process><Process ToolSource="C:\Program Files (x86)\ArcGIS\Desktop10.0\ArcToolbox\Toolboxes\Data Management Tools.tbx\CalculateField" Date="20101116" Time="134648">CalculateField P5_3_2_LRsegs_111610_05m_snap P5TTB05 "DC, Combined Sewer Overflow" VB #</Process><Process ToolSource="C:\Program Files (x86)\ArcGIS\Desktop10.0\ArcToolbox\Toolboxes\Data Management Tools.tbx\CalculateField" Date="20101116" Time="134845">CalculateField P5_3_2_LRsegs_111610_05m_snap P5TSB05 "DC, Potomac River" VB #</Process><Process ToolSource="C:\Program Files (x86)\ArcGIS\Desktop10.0\ArcToolbox\Toolboxes\Data Management Tools.tbx\CalculateField" Date="20101116" Time="134853">CalculateField P5_3_2_LRsegs_111610_05m_snap P5TTB05 "DC, Potomac River" VB #</Process><Process ToolSource="C:\Program Files (x86)\ArcGIS\Desktop10.0\ArcToolbox\Toolboxes\Data Management Tools.tbx\CalculateField" Date="20101116" Time="135456">CalculateField P5_3_2_LRsegs_111610_05m_snap P5TSB05 "MD, Potomac, Upper" VB #</Process><Process ToolSource="C:\Program Files (x86)\ArcGIS\Desktop10.0\ArcToolbox\Toolboxes\Data Management Tools.tbx\CalculateField" Date="20101116" Time="135505">CalculateField P5_3_2_LRsegs_111610_05m_snap P5TTB05 "MD, Potomac, Upper" VB #</Process><Process ToolSource="C:\Program Files (x86)\ArcGIS\Desktop10.0\ArcToolbox\Toolboxes\Data Management Tools.tbx\CalculateField" Date="20101116" Time="135651">CalculateField P5_3_2_LRsegs_111610_05m_snap P5TSB05 "MD, Potomac, Upper" VB #</Process><Process ToolSource="C:\Program Files (x86)\ArcGIS\Desktop10.0\ArcToolbox\Toolboxes\Data Management Tools.tbx\CalculateField" Date="20101116" Time="135657">CalculateField P5_3_2_LRsegs_111610_05m_snap P5TTB05 "MD, Potomac, Upper" VB #</Process><Process ToolSource="C:\Program Files (x86)\ArcGIS\Desktop10.0\ArcToolbox\Toolboxes\Data Management Tools.tbx\CalculateField" Date="20101116" Time="135912">CalculateField P5_3_2_LRsegs_111610_05m_snap P5TSB05 "MD, East Shore, Lower" VB #</Process><Process ToolSource="C:\Program Files (x86)\ArcGIS\Desktop10.0\ArcToolbox\Toolboxes\Data Management Tools.tbx\CalculateField" Date="20101116" Time="135918">CalculateField P5_3_2_LRsegs_111610_05m_snap P5TTB05 "MD, East Shore, Lower" VB #</Process><Process ToolSource="C:\Program Files (x86)\ArcGIS\Desktop10.0\ArcToolbox\Toolboxes\Data Management Tools.tbx\CalculateField" Date="20101116" Time="140020">CalculateField P5_3_2_LRsegs_111610_05m_snap P5TSB05 "PA, Susquehanna, Lower East" VB #</Process><Process ToolSource="C:\Program Files (x86)\ArcGIS\Desktop10.0\ArcToolbox\Toolboxes\Data Management Tools.tbx\CalculateField" Date="20101116" Time="140025">CalculateField P5_3_2_LRsegs_111610_05m_snap P5TTB05 "PA, Susquehanna, Lower East" VB #</Process><Process ToolSource="C:\Program Files (x86)\ArcGIS\Desktop10.0\ArcToolbox\Toolboxes\Data Management Tools.tbx\CalculateField" Date="20101116" Time="140332">CalculateField P5_3_2_LRsegs_111610_05m_snap P5TSB05 "VA, Potomac and Shenandoah"
 VB #</Process><Process ToolSource="C:\Program Files (x86)\ArcGIS\Desktop10.0\ArcToolbox\Toolboxes\Data Management Tools.tbx\CalculateField" Date="20101116" Time="140427">CalculateField P5_3_2_LRsegs_111610_05m_snap P5TTB05 "VA, Shenandoah"
 VB #</Process><Process ToolSource="C:\Program Files (x86)\ArcGIS\Desktop10.0\ArcToolbox\Toolboxes\Data Management Tools.tbx\CalculateField" Date="20101116" Time="140602">CalculateField P5_3_2_LRsegs_111610_05m_snap P5TTB05 "VA, Shenandoah"
 VB #</Process><Process ToolSource="C:\Program Files (x86)\ArcGIS\Desktop10.0\ArcToolbox\Toolboxes\Data Management Tools.tbx\CalculateField" Date="20101116" Time="140628">CalculateField P5_3_2_LRsegs_111610_05m_snap P5TSB05 "VA, Potomac and Shenandoah"
 VB #</Process><Process ToolSource="C:\Program Files (x86)\ArcGIS\Desktop10.0\ArcToolbox\Toolboxes\Data Management Tools.tbx\CalculateField" Date="20101116" Time="140945">CalculateField P5_3_2_LRsegs_111610_05m_snap P5TSB05 "WV, East Panhandle and Potomac Valley"
 VB #</Process><Process ToolSource="C:\Program Files (x86)\ArcGIS\Desktop10.0\ArcToolbox\Toolboxes\Data Management Tools.tbx\CalculateField" Date="20101116" Time="141034">CalculateField P5_3_2_LRsegs_111610_05m_snap P5TTB05 "WV, Potm, Potomac Valley Soil Consv District"
 VB #</Process><Process ToolSource="C:\Program Files (x86)\ArcGIS\Desktop10.0\ArcToolbox\Toolboxes\Data Management Tools.tbx\CalculateField" Date="20101116" Time="141215">CalculateField P5_3_2_LRsegs_111610_05m_snap P5TSB05 "VA, James"
 VB #</Process><Process ToolSource="C:\Program Files (x86)\ArcGIS\Desktop10.0\ArcToolbox\Toolboxes\Data Management Tools.tbx\CalculateField" Date="20101116" Time="141227">CalculateField P5_3_2_LRsegs_111610_05m_snap P5TTB05 "VA, James, Upper"
 VB #</Process><Process ToolSource="C:\Program Files (x86)\ArcGIS\Desktop10.0\ArcToolbox\Toolboxes\Data Management Tools.tbx\CalculateField" Date="20101116" Time="141419">CalculateField P5_3_2_LRsegs_111610_05m_snap P5TSB05 "DC, Potomac River" VB #</Process><Process ToolSource="C:\Program Files (x86)\ArcGIS\Desktop10.0\ArcToolbox\Toolboxes\Data Management Tools.tbx\CalculateField" Date="20101116" Time="141428">CalculateField P5_3_2_LRsegs_111610_05m_snap P5TTB05 "DC, Potomac River" VB #</Process><Process ToolSource="C:\Program Files (x86)\ArcGIS\Desktop10.0\ArcToolbox\Toolboxes\Data Management Tools.tbx\CalculateField" Date="20101116" Time="141542">CalculateField P5_3_2_LRsegs_111610_05m_snap P5TSB05 "DC, Potomac River" VB #</Process><Process ToolSource="C:\Program Files (x86)\ArcGIS\Desktop10.0\ArcToolbox\Toolboxes\Data Management Tools.tbx\CalculateField" Date="20101116" Time="141550">CalculateField P5_3_2_LRsegs_111610_05m_snap P5TTB05 "DC, Potomac River" VB #</Process><Process ToolSource="C:\Program Files (x86)\ArcGIS\Desktop10.0\ArcToolbox\Toolboxes\Data Management Tools.tbx\CalculateField" Date="20101116" Time="141853">CalculateField P5_3_2_LRsegs_111610_05m_snap CBW "N" VB #</Process><Process ToolSource="C:\Program Files (x86)\ArcGIS\Desktop10.0\ArcToolbox\Toolboxes\Data Management Tools.tbx\Project" Date="20101116" Time="142413">Project P5_3_2_LRsegs_111610_05m_snap G:\GIS\Working\hweinberg\Modeling\LRsegs_P5_3_2\P5_3_2_LRsegs_111610_albers.shp PROJCS['NAD_1983_Albers',GEOGCS['GCS_North_American_1983',DATUM['D_North_American_1983',SPHEROID['GRS_1980',6378137.0,298.257222101]],PRIMEM['Greenwich',0.0],UNIT['Degree',0.0174532925199433]],PROJECTION['Albers'],PARAMETER['False_Easting',0.0],PARAMETER['False_Northing',0.0],PARAMETER['Central_Meridian',-96.0],PARAMETER['Standard_Parallel_1',29.5],PARAMETER['Standard_Parallel_2',45.5],PARAMETER['Latitude_Of_Origin',23.0],UNIT['Meter',1.0]] # PROJCS['NAD_1983_UTM_Zone_18N',GEOGCS['GCS_North_American_1983',DATUM['D_North_American_1983',SPHEROID['GRS_1980',6378137.0,298.257222101]],PRIMEM['Greenwich',0.0],UNIT['Degree',0.0174532925199433]],PROJECTION['Transverse_Mercator'],PARAMETER['False_Easting',500000.0],PARAMETER['False_Northing',0.0],PARAMETER['Central_Meridian',-75.0],PARAMETER['Scale_Factor',0.9996],PARAMETER['Latitude_Of_Origin',0.0],UNIT['Meter',1.0]]</Process><Process ToolSource="C:\Program Files (x86)\ArcGIS\Desktop10.0\ArcToolbox\Toolboxes\Data Management Tools.tbx\CalculateField" Date="20101119" Time="141753">CalculateField P5_3_2_LRsegs_111910_albers TabAreaID "[FID] +1" VB #</Process><Process ToolSource="C:\Program Files (x86)\ArcGIS\Desktop10.0\ArcToolbox\Toolboxes\Data Management Tools.tbx\Project" Date="20101119" Time="145401">Project P5_3_2_LRsegs_111910_albers G:\GIS\Working\hweinberg\Modeling\LRsegs_P5_3_2\P5_3_2_LRsegs_111910.shp PROJCS['NAD_1983_UTM_Zone_18N',GEOGCS['GCS_North_American_1983',DATUM['D_North_American_1983',SPHEROID['GRS_1980',6378137.0,298.257222101]],PRIMEM['Greenwich',0.0],UNIT['Degree',0.0174532925199433]],PROJECTION['Transverse_Mercator'],PARAMETER['False_Easting',500000.0],PARAMETER['False_Northing',0.0],PARAMETER['Central_Meridian',-75.0],PARAMETER['Scale_Factor',0.9996],PARAMETER['Latitude_Of_Origin',0.0],UNIT['Meter',1.0]] # PROJCS['NAD_1983_Albers',GEOGCS['GCS_North_American_1983',DATUM['D_North_American_1983',SPHEROID['GRS_1980',6378137.0,298.257222101]],PRIMEM['Greenwich',0.0],UNIT['Degree',0.0174532925199433]],PROJECTION['Albers'],PARAMETER['False_Easting',0.0],PARAMETER['False_Northing',0.0],PARAMETER['Central_Meridian',-96.0],PARAMETER['Standard_Parallel_1',29.5],PARAMETER['Standard_Parallel_2',45.5],PARAMETER['Latitude_Of_Origin',23.0],UNIT['Meter',1.0]]</Process><Process ToolSource="c:\program files\arcgis\pro\Resources\ArcToolbox\toolboxes\Conversion Tools.tbx\FeatureClassToFeatureClass" Date="20220301" Time="014348">FeatureClassToFeatureClass P5_3_2_LandSegs "C:\Users\sarah\Documents\ArcGIS\Projects\HARP Land Segments" phase5landsegs_downloadeddata.shp # "OBJECTID "OBJECTID" true true false 10 Long 0 10,First,#,P5_3_2_LandSegs,OBJECTID,-1,-1;Join_Count "Join_Count" true true false 10 Long 0 10,First,#,P5_3_2_LandSegs,Join_Count,-1,-1;TARGET_FID "TARGET_FID" true true false 10 Long 0 10,First,#,P5_3_2_LandSegs,TARGET_FID,-1,-1;LandSeg "LandSeg" true true false 6 Text 0 0,First,#,P5_3_2_LandSegs,LandSeg,0,6;TidalWater "TidalWater" true true false 1 Text 0 0,First,#,P5_3_2_LandSegs,TidalWater,0,1;ST "ST" true true false 2 Text 0 0,First,#,P5_3_2_LandSegs,ST,0,2;CountyName "CountyName" true true false 23 Text 0 0,First,#,P5_3_2_LandSegs,CountyName,0,23;FIPS2 "FIPS2" true true false 10 Long 0 10,First,#,P5_3_2_LandSegs,FIPS2,-1,-1;CBW "CBW" true true false 1 Text 0 0,First,#,P5_3_2_LandSegs,CBW,0,1;FIPS "FIPS" true true false 10 Long 0 10,First,#,P5_3_2_LandSegs,FIPS,-1,-1;Shape_Leng "Shape_Leng" true true false 19 Double 0 0,First,#,P5_3_2_LandSegs,Shape_Leng,-1,-1;Shape_Area "Shape_Area" true true false 19 Double 0 0,First,#,P5_3_2_LandSegs,Shape_Area,-1,-1" #</Process></lineage></DataProperties><ArcGISstyle>FGDC CSDGM Metadata</ArcGISstyle></Esri></metadata>
